#sampleID,sum_PRS,SNP_N
0_138135,10579.128467746716,2772827
0_466226,10573.888262213988,2772827
0_546230,10574.965301829696,2772827
