#sampleID,sum_PRS,SNP_N
0_138135,7669.765685839025,604541
0_466226,7659.7076894880465,604541
0_546230,7677.1053029252425,604541
