#sampleID,sum_PRS,SNP_N
0_138135,152.8446776999861,604541
0_466226,153.19065254840774,604541
0_546230,152.6207550888863,604541
