#sampleID,sum_PRS,SNP_N
0_138135,3376.811490666294,604541
0_466226,3378.5799799609877,604541
0_546230,3377.600830577521,604541
