#sampleID,sum_PRS,SNP_N
0_138135,13242.69437455528,604541
0_466226,13252.325955305032,604541
0_546230,13271.098608234402,604541
