#sampleID,sum_PRS,SNP_N
0_138135,1809.8605073424442,604541
0_466226,1806.4907869769197,604541
0_546230,1809.1616839743913,604541
