#sampleID,sum_PRS,SNP_N
0_138135,127.1027997891588,604541
0_466226,126.92641138564552,604541
0_546230,126.92109464127388,604541
