#sampleID,sum_PRS,SNP_N
0_138135,158.66065297723347,604541
0_466226,158.39959259141855,604541
0_546230,157.7015464887444,604541
