#sampleID,sum_PRS,SNP_N
0_138135,136.73185057974084,604541
0_466226,136.6561577641411,604541
0_546230,136.3074959889685,604541
