#sampleID,sum_PRS,SNP_N
0_138135,11887.501790453318,604541
0_466226,11892.971343707666,604541
0_546230,11936.060629382933,604541
