#sampleID,sum_PRS,SNP_N
0_138135,648.5606353007277,604541
0_466226,649.3889702084854,604541
0_546230,649.5669016419508,604541
