#sampleID,sum_PRS,SNP_N
0_138135,287.17077078380714,604541
0_466226,286.9673473430082,604541
0_546230,286.1516317405624,604541
