#sampleID,sum_PRS,SNP_N
0_138135,7716.900646280974,604541
0_466226,7717.232852307854,604541
0_546230,7732.676140920423,604541
