#sampleID,sum_PRS,SNP_N
0_138135,8357.377956711169,604541
0_466226,8360.939695602068,604541
0_546230,8380.246205903863,604541
