#sampleID,sum_PRS,SNP_N
0_138135,9131.057286441184,604541
0_466226,9134.115029384897,604541
0_546230,9157.350913340615,604541
