#sampleID,sum_PRS,SNP_N
0_138135,208.17148173789445,604541
0_466226,207.9802930497767,604541
0_546230,208.28584155738469,604541
