#sampleID,sum_PRS,SNP_N
0_138135,7682.792526568207,604541
0_466226,7677.381656398906,604541
0_546230,7684.0948449930365,604541
