#sampleID,sum_PRS,SNP_N
0_138135,7303.8694996622025,604541
0_466226,7307.746760880146,604541
0_546230,7312.401378296396,604541
