#sampleID,sum_PRS,SNP_N
0_138135,420.5208475113819,604541
0_466226,421.46707218428594,604541
0_546230,420.681340696141,604541
