#sampleID,sum_PRS,SNP_N
0_138135,127.27510254808327,604541
0_466226,127.14285019124499,604541
0_546230,127.03673325587842,604541
