#sampleID,sum_PRS,SNP_N
0_138135,9629.967737275052,604541
0_466226,9612.963443880653,604541
0_546230,9648.652643877802,604541
