#sampleID,sum_PRS,SNP_N
0_138135,5797.591487248461,604541
0_466226,5795.504977834749,604541
0_546230,5809.422122915852,604541
