#sampleID,sum_PRS,SNP_N
0_138135,129.53796644368182,604541
0_466226,129.5841079505832,604541
0_546230,129.4116192321039,604541
