#sampleID,sum_PRS,SNP_N
0_138135,8980.071064270038,604541
0_466226,8993.046020172911,604541
0_546230,9004.640315635468,604541
