#sampleID,sum_PRS,SNP_N
0_138135,1087.9707698450404,604541
0_466226,1089.1873326989667,604541
0_546230,1089.5697435195455,604541
