#sampleID,sum_PRS,SNP_N
0_138135,138.399370129291,604541
0_466226,138.75650020425465,604541
0_546230,138.45883874928674,604541
