#sampleID,sum_PRS,SNP_N
0_138135,7614.189017065561,604541
0_466226,7619.099471092301,604541
0_546230,7631.699040801496,604541
