#sampleID,sum_PRS,SNP_N
0_138135,16450.605199859197,604541
0_466226,16474.85965021937,604541
0_546230,16473.05986741542,604541
