#sampleID,sum_PRS,SNP_N
0_138135,6730.9061985923545,604541
0_466226,6725.237258037749,604541
0_546230,6735.405996596694,604541
