#sampleID,sum_PRS,SNP_N
0_138135,128.21382950565513,604541
0_466226,128.31373761184187,604541
0_546230,128.14398810054522,604541
