#sampleID,sum_PRS,SNP_N
0_138135,177.43233778622607,604541
0_466226,176.96082600649044,604541
0_546230,177.31325897084562,604541
