#sampleID,sum_PRS,SNP_N
0_138135,295.996511558,2865113
0_466226,296.342745826,2865113
0_546230,296.444714975,2865113
