#sampleID,sum_PRS,SNP_N
0_138135,97.07817328781583,1047343
0_466226,97.12423137945211,1047343
0_546230,96.60909633470136,1047343
