#sampleID,sum_PRS,SNP_N
0_138135,96.93943917997558,1047343
0_466226,96.99858676161422,1047343
0_546230,96.4702774032646,1047343
