#sampleID,sum_PRS,SNP_N
0_138135,95.54559808185579,1047343
0_466226,95.60097937649252,1047343
0_546230,95.05014960707705,1047343
