#sampleID,sum_PRS,SNP_N
0_138135,95.81317368409736,1047343
0_466226,95.85750418719628,1047343
0_546230,95.30641831316001,1047343
