#sampleID,sum_PRS,SNP_N
0_138135,155.33828630218565,1047343
0_466226,155.28423766960046,1047343
0_546230,155.09104087885785,1047343
