#sampleID,sum_PRS,SNP_N
0_138135,95.31232245469677,1047343
0_466226,95.3728471938249,1047343
0_546230,94.84101038644438,1047343
