#sampleID,sum_PRS,SNP_N
0_138135,97.49410481022785,1047343
0_466226,97.51018620721432,1047343
0_546230,96.98388129311198,1047343
