#sampleID,sum_PRS,SNP_N
0_138135,94.8300383112101,1047343
0_466226,94.88562511887697,1047343
0_546230,94.32449629189925,1047343
