#sampleID,sum_PRS,SNP_N
0_138135,96.38880293019004,1047343
0_466226,96.4282107940752,1047343
0_546230,95.87738503786854,1047343
