#sampleID,sum_PRS,SNP_N
0_138135,96.61282516663574,1047343
0_466226,96.65204647625657,1047343
0_546230,96.11202159105704,1047343
