#sampleID,sum_PRS,SNP_N
0_138135,96.8911690913172,1047343
0_466226,96.94701267766882,1047343
0_546230,96.38270669093227,1047343
