#sampleID,sum_PRS,SNP_N
0_138135,152.37873492734496,1047343
0_466226,152.3266551915852,1047343
0_546230,152.1355834479146,1047343
