#sampleID,sum_PRS,SNP_N
0_138135,97.4458186044862,1047343
0_466226,97.51212613330372,1047343
0_546230,96.97270634516796,1047343
