#sampleID,sum_PRS,SNP_N
0_138135,95.27216790348618,1047343
0_466226,95.31688699089246,1047343
0_546230,94.77448946394884,1047343
