#sampleID,sum_PRS,SNP_N
0_138135,94.60560791508146,1047343
0_466226,94.66324792836814,1047343
0_546230,94.1274235622786,1047343
