#sampleID,sum_PRS,SNP_N
0_138135,97.105705895626,1047343
0_466226,97.14085731619119,1047343
0_546230,96.606577723614,1047343
