#sampleID,sum_PRS,SNP_N
0_138135,93.78395238969684,1047343
0_466226,93.87492551101536,1047343
0_546230,93.3057214834319,1047343
