#sampleID,sum_PRS,SNP_N
0_138135,157.20133664147258,1047343
0_466226,157.12844976432532,1047343
0_546230,156.97190918551354,1047343
