#sampleID,sum_PRS,SNP_N
0_138135,159.1698639460848,1047343
0_466226,159.09575951331666,1047343
0_546230,158.93276948036765,1047343
