#sampleID,sum_PRS,SNP_N
0_138135,94.80756129901394,1047343
0_466226,94.85955163842658,1047343
0_546230,94.29195105344199,1047343
