#sampleID,sum_PRS,SNP_N
0_138135,153.77121851630434,1047343
0_466226,153.72365642519847,1047343
0_546230,153.5536969568391,1047343
