#sampleID,sum_PRS,SNP_N
0_138135,95.84099855687784,1047343
0_466226,95.9009502214014,1047343
0_546230,95.34646839127784,1047343
