#sampleID,sum_PRS,SNP_N
0_138135,96.33745243157925,1047343
0_466226,96.37293387166471,1047343
0_546230,95.81513405739845,1047343
