#sampleID,sum_PRS,SNP_N
0_138135,98.10752556431856,1047343
0_466226,98.17869690726518,1047343
0_546230,97.63512441542092,1047343
