#sampleID,sum_PRS,SNP_N
0_138135,97.23187291848089,1047343
0_466226,97.2801243014758,1047343
0_546230,96.74743356517364,1047343
