#sampleID,sum_PRS,SNP_N
0_138135,95.42598843076239,1047343
0_466226,95.46965989518581,1047343
0_546230,94.92757838284318,1047343
