#sampleID,sum_PRS,SNP_N
0_138135,96.4462724598661,1047343
0_466226,96.50740303005115,1047343
0_546230,95.93779358347872,1047343
