#sampleID,sum_PRS,SNP_N
0_138135,95.70675864979654,1047343
0_466226,95.78030524141815,1047343
0_546230,95.21371347541547,1047343
