#sampleID,sum_PRS,SNP_N
0_138135,127.54470511550753,1047343
0_466226,127.52767993674912,1047343
0_546230,127.10656925854124,1047343
