#sampleID,sum_PRS,SNP_N
0_138135,95.70223064655256,1047343
0_466226,95.76308401735305,1047343
0_546230,95.22855264477919,1047343
