#sampleID,sum_PRS,SNP_N
0_100056,426.27877261718993,604541
0_100108,423.90893842523104,604541
0_100193,424.8202273065012,604541
